feature_category,real_positive_rate,ship_rate,detection_gap,detection_efficiency
Notifications,0.5882352941176471,0.11764705882352941,0.47058823529411764,0.2
Pricing/Paywall,0.6666666666666666,0.25,0.41666666666666663,0.375
Onboarding-Flow,0.5333333333333333,0.2,0.3333333333333333,0.375
Content-Format,0.36363636363636365,0.09090909090909091,0.2727272727272727,0.25
UI/UX,0.35,0.1,0.24999999999999997,0.2857
Recommendation-Algo,0.21428571428571427,0.07142857142857142,0.14285714285714285,0.3333
